model,AUC,F1,ACC
META_XGB_64d,0.9985508741118012,0.991778613648576,0.9862983029597456
arcface_lite,0.979658347254396,0.9722177699417641,0.9534321407782206
emotion_lite,0.9767059383834598,0.9652856756024912,0.9425961581516142
resnet50,0.9776210570051622,0.9684797028389494,0.9468051761966596
xception,0.9834768370157128,0.9726263348967856,0.9537455782922133
