model,AUC,F1,ACC
META_XGB_64d,0.9985508741118012,0.991778613648576,0.9862983029597456
arcface_lite,0.9952655984762007,0.9815367906597882,0.9695517843549903
emotion_lite,0.9927190974254044,0.9787671974867295,0.9648949984328125
resnet50,0.9790090317392154,0.9648567357923065,0.9403573187659517
xception,0.9921082636587998,0.9501941583656931,0.9207450857475484
