model,AUC,F1,ACC
META_XGB_64d,0.9861650000000001,0.9762376237623762,0.96
arcface_lite,0.939425,0.9360613810741688,0.8958333333333334
emotion_lite,0.9469150000000001,0.9437185929648241,0.9066666666666666
resnet50,0.966165,0.9427679500520292,0.9083333333333333
xception,0.948645,0.9230769230769231,0.8775
