model,AUC,F1,ACC
META_XGB_64d,0.9861650000000001,0.9762376237623762,0.96
arcface_lite,0.97557,0.9553617239610056,0.9275
emotion_lite,0.98232,0.9675810473815462,0.9458333333333333
resnet50,0.98356,0.9771825396825397,0.9616666666666667
xception,0.9756975000000001,0.9679645145391819,0.9458333333333333
